[{"department": "Architecture", "courses": [{"units": "9.0", "lectures": [{"instructors": ["Instructor TBA"], "meetings": [{"days": "TBA", "location": "Pittsburgh, Pennsylvania", "room": "TBA", "begin": null, "end": null}], "sections": [], "lecture": "U"}], "num": "48001", "title": "Architecture Elective"}, {"units": "12.0", "lectures": [{"instructors": ["Instructor TBA"], "meetings": [{"days": "TBA", "location": "Pittsburgh, Pennsylvania", "room": "TBA", "begin": null, "end": null}], "sections": [], "lecture": "U"}], "num": "48731", "title": "Sustainable Design Synthesis Prep"}]}, {"department": "Art", "courses": [{"units": "9.0", "lectures": [{"instructors": ["Instructor TBA"], "meetings": [{"days": "TBA", "location": "Pittsburgh, Pennsylvania", "room": "DNM DNM", "begin": null, "end": null}], "sections": [], "lecture": "U"}], "num": "60399", "title": "Art History/Theory Independent Study"}, {"units": "5-10", "lectures": [{"instructors": ["Instructor TBA"], "meetings": [{"days": "TBA", "location": "Pittsburgh, Pennsylvania", "room": "DNM DNM", "begin": null, "end": null}], "sections": [], "lecture": "U"}], "num": "60499", "title": "Studio Independent Study"}]}, {"department": "Biological Sciences", "courses": [{"units": "9.0", "lectures": [{"instructors": ["Brasier"], "meetings": [{"days": "MTWRF", "location": "Pittsburgh, Pennsylvania", "room": "WEH 5403", "begin": "09:00AM", "end": "10:20AM"}], "sections": [], "lecture": "U"}], "num": "03121", "title": "Modern Biology"}, {"units": "9.0", "lectures": [{"instructors": ["Doonan"], "meetings": [{"days": "MW", "location": "Pittsburgh, Pennsylvania", "room": "MI 355", "begin": "12:00PM", "end": "12:50PM"}, {"days": "MW", "location": "Pittsburgh, Pennsylvania", "room": "MI 333", "begin": "01:00PM", "end": "02:50PM"}], "sections": [], "lecture": "U"}], "num": "03124", "title": "Modern Biology Laboratory"}, {"units": "1-12", "lectures": [{"instructors": ["Braun"], "meetings": [{"days": "TBA", "location": "Pittsburgh, Pennsylvania", "room": "TBA", "begin": null, "end": null}], "sections": [], "lecture": "U"}], "num": "03210", "title": "Independent Study"}, {"units": "1-18", "lectures": [{"instructors": ["Braun"], "meetings": [{"days": "TBA", "location": "Pittsburgh, Pennsylvania", "room": "TBA", "begin": null, "end": null}], "sections": [], "lecture": "U"}], "num": "03445", "title": "Undergraduate Research"}]}, {"department": "Business Administration", "courses": [{"units": "9.0", "lectures": [{"instructors": ["Kim"], "meetings": [{"days": "MTWRF", "location": "Pittsburgh, Pennsylvania", "room": "BH 235B", "begin": "09:00AM", "end": "10:20AM"}], "sections": [], "lecture": "U"}], "num": "70122", "title": "Introduction to Accounting"}, {"units": "9.0", "lectures": [{"instructors": ["Rho"], "meetings": [{"days": "MTWRF", "location": "Pittsburgh, Pennsylvania", "room": "PH 225B", "begin": "09:00AM", "end": "10:20AM"}], "sections": [], "lecture": "U"}], "num": "70208", "title": "Regression Analysis"}]}, {"department": "CIT Interdisciplinary", "courses": [{"units": "3.0", "lectures": [{"instructors": ["Instructor TBA"], "meetings": [{"days": "TBA", "location": "Pittsburgh, Pennsylvania", "room": "DNM DNM", "begin": null, "end": null}], "sections": [], "lecture": "U"}], "num": "39499", "title": "Summer Curricular Practical Training"}, {"units": "1-12", "lectures": [{"instructors": ["Siewiorek"], "meetings": [{"days": "TBA", "location": "Pittsburgh, Pennsylvania", "room": "DNM DNM", "begin": null, "end": null}], "sections": [], "lecture": "U"}], "num": "39646", "title": "Independent Study Interaction Design Studio"}]}, {"department": "Carnegie Mellon University-Wide Studies", "courses": [{"units": "6.0", "lectures": [{"instructors": ["Instructor TBA"], "meetings": [{"days": "TBA", "location": "Pittsburgh, Pennsylvania", "room": "TBA", "begin": null, "end": null}], "sections": [], "lecture": "U"}], "num": "99099", "title": "Carnegie Mellon University Summer Program"}, {"units": "9.0", "lectures": [{"instructors": ["Bockstaller"], "meetings": [{"days": "MWF", "location": "Pittsburgh, Pennsylvania", "room": "SH 219", "begin": "01:00PM", "end": "02:50PM"}], "sections": [], "lecture": "U"}], "num": "99239", "title": "Introduction to Nanoscience and Technology"}]}, {"department": "Center for the Neural Basis of Cognition", "courses": [{"units": "3-60", "lectures": [{"instructors": ["Instructor TBA"], "meetings": [{"days": "TBA", "location": "Pittsburgh, Pennsylvania", "room": "TBA", "begin": null, "end": null}], "sections": [], "lecture": "U"}], "num": "86700", "title": "Reading and Research in Computational Neuroscience"}]}, {"department": "Chemical Engineering", "courses": [{"units": "1-48", "lectures": [{"instructors": ["Instructor TBA"], "meetings": [{"days": "TBA", "location": "Pittsburgh, Pennsylvania", "room": "TBA", "begin": null, "end": null}], "sections": [], "lecture": "U"}], "num": "06600", "title": "Masters Chemical Engineering Project"}]}, {"department": "Chemistry", "courses": [{"units": "1-12", "lectures": [{"instructors": ["Stump"], "meetings": [{"days": "TBA", "location": "Pittsburgh, Pennsylvania", "room": "DNM DNM", "begin": null, "end": null}], "sections": [], "lecture": "U"}], "num": "09001", "title": "Chemistry Elective"}, {"units": "0.0", "lectures": [{"instructors": ["Instructor TBA"], "meetings": [{"days": "TBA", "location": "Pittsburgh, Pennsylvania", "room": "DNM DNM", "begin": null, "end": null}], "sections": [], "lecture": "U"}], "num": "09050", "title": "Study Abroad"}, {"units": "3.0", "lectures": [{"instructors": ["Neiderlander"], "meetings": [{"days": "M", "location": "Pittsburgh, Pennsylvania", "room": "DH 2302", "begin": "01:30PM", "end": "02:20PM"}, {"days": "W", "location": "Pittsburgh, Pennsylvania", "room": "DH 2303", "begin": "01:30PM", "end": "04:20PM"}], "sections": [], "lecture": "U"}], "num": "09101", "title": "Introduction to Experimental Chemistry"}, {"units": "10.0", "lectures": [{"instructors": ["Henderson"], "meetings": [{"days": "MTWRF", "location": "Pittsburgh, Pennsylvania", "room": "DH 2302", "begin": "10:30AM", "end": "11:50AM"}], "sections": [], "lecture": "U"}], "num": "09105", "title": "Introduction to Modern Chemistry I"}, {"units": "9.0", "lectures": [{"instructors": ["Kong"], "meetings": [{"days": "MTWRF", "location": "Pittsburgh, Pennsylvania", "room": "DH 2302", "begin": "09:00AM", "end": "10:20AM"}], "sections": [], "lecture": "U"}], "num": "09218", "title": "Organic Chemistry II"}, {"units": "1.0 - 12.0", "lectures": [{"instructors": ["Stump"], "meetings": [{"days": "TBA", "location": "Pittsburgh, Pennsylvania", "room": "DNM DNM", "begin": null, "end": null}], "sections": [], "lecture": "U"}], "num": "09435", "title": "Independent Study Chemistry"}, {"units": "3-18", "lectures": [{"instructors": ["Stump"], "meetings": [{"days": "TBA", "location": "Pittsburgh, Pennsylvania", "room": "DNM DNM", "begin": null, "end": null}], "sections": [], "lecture": "U"}], "num": "09445", "title": "Undergraduate Research"}, {"units": "0-99", "lectures": [{"instructors": ["Freeland"], "meetings": [{"days": "TBA", "location": "Pittsburgh, Pennsylvania", "room": "DNM DNM", "begin": null, "end": null}], "sections": [], "lecture": "U"}], "num": "09861", "title": "Chemical Research"}, {"units": "5.0", "lectures": [{"instructors": ["Freeland"], "meetings": [{"days": "TBA", "location": "Pittsburgh, Pennsylvania", "room": "DNM DNM", "begin": null, "end": null}], "sections": [], "lecture": "U"}], "num": "09871", "title": "Doctoral Dissertation"}]}, {"department": "Civil & Environmental Engineering", "courses": [{"units": "5,18,36", "lectures": [{"instructors": ["Instructor TBA"], "meetings": [{"days": "TBA", "location": "Pittsburgh, Pennsylvania", "room": "TBA", "begin": null, "end": null}], "sections": [], "lecture": "R"}, {"instructors": ["Instructor TBA"], "meetings": [{"days": "TBA", "location": "Pittsburgh, Pennsylvania", "room": "TBA", "begin": null, "end": null}], "sections": [], "lecture": "U"}], "num": "12993", "title": "Reading and Research in Civil and Environmental Engineering"}]}, {"department": "Computer Science", "courses": [{"units": "10.0", "lectures": [{"instructors": ["Kultur"], "meetings": [{"days": "MTWRF", "location": "Pittsburgh, Pennsylvania", "room": "GHC 4211", "begin": "09:00AM", "end": "10:20AM"}, {"days": "MTWRF", "location": "Pittsburgh, Pennsylvania", "room": "GHC 5208", "begin": "04:30PM", "end": "05:20PM"}], "sections": [], "lecture": "U"}], "num": "15110", "title": "Principles of Computing"}, {"units": "12.0", "lectures": [{"instructors": ["Adamchik"], "meetings": [{"days": "MTWRF", "location": "Pittsburgh, Pennsylvania", "room": "DH A302", "begin": "09:00AM", "end": "10:20AM"}, {"days": "MTWRF", "location": "Pittsburgh, Pennsylvania", "room": "DH 2315", "begin": "05:30PM", "end": "06:20PM"}], "sections": [], "lecture": "U"}], "num": "15112", "title": "Fundamentals of Programming and Computer Science"}, {"units": "10.0", "lectures": [{"instructors": ["Adamchik"], "meetings": [{"days": "MTWRF", "location": "Pittsburgh, Pennsylvania", "room": "DH A302", "begin": "10:30AM", "end": "11:50AM"}, {"days": "MW", "location": "Pittsburgh, Pennsylvania", "room": "TBA", "begin": "03:00PM", "end": "04:20PM"}, {"days": "TR", "location": "Pittsburgh, Pennsylvania", "room": "GHC 4211", "begin": "03:00PM", "end": "04:20PM"}], "sections": [], "lecture": "U"}], "num": "15122", "title": "Principles of Imperative Computation"}]}, {"department": "Design", "courses": [{"units": "9.0", "lectures": [{"instructors": ["Beale", "Chung", "Vitone", "Twigg"], "meetings": [{"days": "MTWR", "location": "Pittsburgh, Pennsylvania", "room": "MM 212", "begin": "01:30PM", "end": "03:50PM"}], "sections": [], "lecture": "U"}], "num": "51260", "title": "Design Fundamentals"}, {"units": "3-12", "lectures": [{"instructors": ["Instructor TBA"], "meetings": [{"days": "TBA", "location": "Pittsburgh, Pennsylvania", "room": "TBA", "begin": null, "end": null}], "sections": [], "lecture": "U"}], "num": "51399", "title": "Junior Independent Study"}, {"units": "3.0", "lectures": [{"instructors": ["Cicozi"], "meetings": [{"days": "TBA", "location": "Pittsburgh, Pennsylvania", "room": "DNM DNM", "begin": null, "end": null}], "sections": [], "lecture": "U"}], "num": "51470", "title": "Design Practicum"}, {"units": "3-24", "lectures": [{"instructors": ["Instructor TBA"], "meetings": [{"days": "TBA", "location": "Pittsburgh, Pennsylvania", "room": "DNM DNM", "begin": null, "end": null}], "sections": [], "lecture": "U"}], "num": "51799", "title": "Graduate Independent  Study"}]}, {"department": "Dietrich College Interdisciplinary", "courses": [{"units": "9.0", "lectures": [{"instructors": ["Instructor TBA"], "meetings": [{"days": "TBA", "location": "Pittsburgh, Pennsylvania", "room": "DNM DNM", "begin": null, "end": null}], "sections": [], "lecture": "U"}], "num": "66502", "title": "H&SS; Senior Honors Thesis II"}]}, {"department": "Drama", "courses": [{"units": "1-24", "lectures": [{"instructors": ["Instructor TBA"], "meetings": [{"days": "TBA", "location": "Pittsburgh, Pennsylvania", "room": "TBA", "begin": null, "end": null}], "sections": [], "lecture": "U"}], "num": "54006", "title": "Independent Study"}, {"units": "9-36", "lectures": [{"instructors": ["Instructor TBA"], "meetings": [{"days": "TBA", "location": "Pittsburgh, Pennsylvania", "room": "TBA", "begin": null, "end": null}], "sections": [], "lecture": "U"}], "num": "54495", "title": "Internship"}, {"units": "1-12", "lectures": [{"instructors": ["Instructor TBA"], "meetings": [{"days": "TBA", "location": "Pittsburgh, Pennsylvania", "room": "DNM DNM", "begin": null, "end": null}], "sections": [], "lecture": "U"}], "num": "54609", "title": "Independent Study in Dramaturgy"}, {"units": "1-36", "lectures": [{"instructors": ["Instructor TBA"], "meetings": [{"days": "TBA", "location": "Pittsburgh, Pennsylvania", "room": "TBA", "begin": null, "end": null}], "sections": [], "lecture": "U"}], "num": "54828", "title": "Independent Study in Vocal Alexander Research"}]}, {"department": "Economics", "courses": [{"units": "9.0", "lectures": [{"instructors": ["Imbrogno"], "meetings": [{"days": "MTWRF", "location": "Pittsburgh, Pennsylvania", "room": "BH 255A", "begin": "01:30PM", "end": "02:50PM"}], "sections": [], "lecture": "U"}], "num": "73100", "title": "Principles of Economics"}, {"units": "1-3", "lectures": [{"instructors": ["Goldburg"], "meetings": [{"days": "TBA", "location": "Pittsburgh, Pennsylvania", "room": "TBA", "begin": null, "end": null}], "sections": [], "lecture": "U"}], "num": "73111", "title": "Internship I"}, {"units": "3.0", "lectures": [{"instructors": ["Instructor TBA"], "meetings": [{"days": "TBA", "location": "Pittsburgh, Pennsylvania", "room": "TBA", "begin": null, "end": null}], "sections": [], "lecture": "U"}], "num": "73112", "title": "Internship II"}, {"units": "3.0", "lectures": [{"instructors": ["Instructor TBA"], "meetings": [{"days": "TBA", "location": "Pittsburgh, Pennsylvania", "room": "TBA", "begin": null, "end": null}], "sections": [], "lecture": "U"}], "num": "73113", "title": "Internship III"}, {"units": "9.0", "lectures": [{"instructors": ["O'Malley"], "meetings": [{"days": "MTWRF", "location": "Pittsburgh, Pennsylvania", "room": "PH 226C", "begin": "10:30AM", "end": "11:50AM"}], "sections": [], "lecture": "U"}], "num": "73230", "title": "Intermediate Microeconomics"}, {"units": "9-18", "lectures": [{"instructors": ["Instructor TBA"], "meetings": [{"days": "TBA", "location": "Pittsburgh, Pennsylvania", "room": "TBA", "begin": null, "end": null}], "sections": [], "lecture": "U"}], "num": "73401", "title": "Study Abroad Upper Level Economics Elective"}, {"units": "9-18", "lectures": [{"instructors": ["Instructor TBA"], "meetings": [{"days": "TBA", "location": "Pittsburgh, Pennsylvania", "room": "TBA", "begin": null, "end": null}], "sections": [], "lecture": "U"}], "num": "73402", "title": "Study Aboard Upper Level Economics Elective"}, {"units": "9-18", "lectures": [{"instructors": ["Instructor TBA"], "meetings": [{"days": "TBA", "location": "Pittsburgh, Pennsylvania", "room": "TBA", "begin": null, "end": null}], "sections": [], "lecture": "U"}], "num": "73403", "title": "Study Aboard Upper Level Economics Elective"}, {"units": "9-18", "lectures": [{"instructors": ["Instructor TBA"], "meetings": [{"days": "TBA", "location": "Pittsburgh, Pennsylvania", "room": "TBA", "begin": null, "end": null}], "sections": [], "lecture": "U"}], "num": "73404", "title": "Study Aboard Upper Level Economics Elective"}, {"units": "1-18", "lectures": [{"instructors": ["Instructor TBA"], "meetings": [{"days": "TBA", "location": "Pittsburgh, Pennsylvania", "room": "TBA", "begin": null, "end": null}], "sections": [], "lecture": "U"}], "num": "73495", "title": "Advanced Independent Study in Economics"}]}, {"department": "Electrical & Computer Engineering", "courses": [{"units": "0-18", "lectures": [{"instructors": ["Marculescu"], "meetings": [{"days": "TBA", "location": "Pittsburgh, Pennsylvania", "room": "TBA", "begin": null, "end": null}], "sections": [], "lecture": "U"}], "num": "18331", "title": "Junior Projects"}, {"units": "1-42", "lectures": [{"instructors": ["Marculescu"], "meetings": [{"days": "TBA", "location": "Pittsburgh, Pennsylvania", "room": "DNM DNM", "begin": null, "end": null}], "sections": [], "lecture": "U"}], "num": "18432", "title": "Senior Projects"}, {"units": "0-3", "lectures": [{"instructors": ["Marculescu"], "meetings": [{"days": "TBA", "location": "Pittsburgh, Pennsylvania", "room": "DNM DNM", "begin": null, "end": null}], "sections": [], "lecture": "U"}], "num": "18499", "title": "Internship"}, {"units": "0-48", "lectures": [{"instructors": ["Marculescu"], "meetings": [{"days": "TBA", "location": "Pittsburgh, Pennsylvania", "room": "DNM DNM", "begin": null, "end": null}], "sections": [], "lecture": "U"}], "num": "18980", "title": "M.S. Graduate Project"}, {"units": "0-48", "lectures": [{"instructors": ["Marculescu"], "meetings": [{"days": "TBA", "location": "Pittsburgh, Pennsylvania", "room": "TBA", "begin": null, "end": null}], "sections": [], "lecture": "U"}], "num": "18990", "title": "Reading and Research"}]}, {"department": "Engineering & Public Policy", "courses": [{"units": "0-12", "lectures": [{"instructors": ["Small", "Matthews"], "meetings": [{"days": "TBA", "location": "Pittsburgh, Pennsylvania", "room": "TBA", "begin": null, "end": null}], "sections": [], "lecture": "U"}], "num": "19500", "title": "Directed Study in EPP: Undergraduate"}, {"units": "5,18,36", "lectures": [{"instructors": ["Small", "Matthews"], "meetings": [{"days": "TBA", "location": "Pittsburgh, Pennsylvania", "room": "TBA", "begin": null, "end": null}], "sections": [], "lecture": "U"}], "num": "19797", "title": "Reading and Research: Project Research"}, {"units": "5,18,36", "lectures": [{"instructors": ["Small", "Matthews"], "meetings": [{"days": "TBA", "location": "Pittsburgh, Pennsylvania", "room": "TBA", "begin": null, "end": null}], "sections": [], "lecture": "U"}], "num": "19798", "title": "Reading and Research: Thesis Research"}]}, {"department": "English", "courses": [{"units": "9.0", "lectures": [{"instructors": ["Goessling"], "meetings": [{"days": "MTWRF", "location": "Pittsburgh, Pennsylvania", "room": "BH 255A", "begin": "03:00PM", "end": "04:20PM"}], "sections": [], "lecture": "U"}, {"instructors": ["Stamm"], "meetings": [{"days": "MTWRF", "location": "Pittsburgh, Pennsylvania", "room": "BH 235A", "begin": "10:30AM", "end": "11:50AM"}], "sections": [], "lecture": "V"}], "num": "76101", "title": "Interpretation and Argument"}, {"units": "9.0", "lectures": [{"instructors": ["Mennies"], "meetings": [{"days": "MTWRF", "location": "Pittsburgh, Pennsylvania", "room": "PH 226C", "begin": "09:00AM", "end": "10:20AM"}], "sections": [], "lecture": "U"}], "num": "76266", "title": "Writing the Love Story (or Poem or Memoir)"}, {"units": "9.0", "lectures": [{"instructors": ["Reineke"], "meetings": [{"days": "MTWRF", "location": "Pittsburgh, Pennsylvania", "room": "BH 235A", "begin": "01:30PM", "end": "02:50PM"}], "sections": [], "lecture": "U"}], "num": "76270", "title": "Writing for the Professions"}, {"units": "3-12", "lectures": [{"instructors": ["Wynn"], "meetings": [{"days": "TBA", "location": "Pittsburgh, Pennsylvania", "room": "DNM DNM", "begin": null, "end": null}], "sections": [], "lecture": "U"}], "num": "76301", "title": "Internship"}, {"units": "9.0", "lectures": [{"instructors": ["Klancher"], "meetings": [{"days": "MW", "location": "Pittsburgh, Pennsylvania", "room": "BH A51", "begin": "06:30PM", "end": "09:50PM"}], "sections": [], "lecture": "U"}], "num": "76316", "title": "Science Fiction & Cultural Transformation -From the Cold War to the Anthropocene"}]}, {"department": "History", "courses": [{"units": "9.0", "lectures": [{"instructors": ["Liu"], "meetings": [{"days": "MTWRF", "location": "Pittsburgh, Pennsylvania", "room": "BH 255A", "begin": "12:00PM", "end": "01:20PM"}], "sections": [], "lecture": "U"}], "num": "79104", "title": "East Asia in the World, 1600-Present"}, {"units": "9.0", "lectures": [{"instructors": ["McGrath"], "meetings": [{"days": "MWR", "location": "Pittsburgh, Pennsylvania", "room": "PH 226A", "begin": "03:00PM", "end": "05:20PM"}], "sections": [], "lecture": "U"}], "num": "79249", "title": "20th/21st Century U.S. History"}, {"units": "9.0", "lectures": [{"instructors": ["Kats"], "meetings": [{"days": "MTWRF", "location": "Pittsburgh, Pennsylvania", "room": "PH 225B", "begin": "10:30AM", "end": "11:50AM"}], "sections": [], "lecture": "U"}], "num": "79274", "title": "19th and 20th Century Russia: Society, Art, Music and Theater"}, {"units": "3-18", "lectures": [{"instructors": ["Instructor TBA"], "meetings": [{"days": "TBA", "location": "Pittsburgh, Pennsylvania", "room": "TBA", "begin": null, "end": null}], "sections": [], "lecture": "U"}], "num": "79491", "title": "Independent Study"}]}, {"department": "Information Networking Institute", "courses": [{"units": "0-48", "lectures": [{"instructors": ["Tsamitis"], "meetings": [{"days": "TBA", "location": "Pittsburgh, Pennsylvania", "room": "DNM DNM", "begin": null, "end": null}], "sections": [], "lecture": "U"}], "num": "14838", "title": "Special Topics: INI - Technology Consulting in the Global Community"}]}, {"department": "Institute for Software Research", "courses": [{"units": "1-36", "lectures": [{"instructors": ["Herbsleb"], "meetings": [{"days": "TBA", "location": "Pittsburgh, Pennsylvania", "room": "TBA", "begin": null, "end": null}], "sections": [], "lecture": "U"}], "num": "08997", "title": "Societal Computing Graduate Reading and Research"}]}, {"department": "Mathematical Sciences", "courses": [{"units": "10.0", "lectures": [{"instructors": ["Flaherty"], "meetings": [{"days": "MTWRF", "location": "Pittsburgh, Pennsylvania", "room": "HH B131", "begin": "10:30AM", "end": "11:50AM"}], "sections": [], "lecture": "U"}], "num": "21120", "title": "Differential and Integral Calculus"}, {"units": "10.0", "lectures": [{"instructors": ["Zhang"], "meetings": [{"days": "MTWRF", "location": "Pittsburgh, Pennsylvania", "room": "WEH 5302", "begin": "10:30AM", "end": "11:50AM"}], "sections": [], "lecture": "U"}], "num": "21122", "title": "Integration and Approximation"}, {"units": "10.0", "lectures": [{"instructors": ["Bourguin"], "meetings": [{"days": "MTWRF", "location": "Pittsburgh, Pennsylvania", "room": "PH A18A", "begin": "09:00AM", "end": "10:20AM"}], "sections": [], "lecture": "U"}], "num": "21127", "title": "Concepts of Mathematics"}, {"units": "9.0", "lectures": [{"instructors": ["Johnson"], "meetings": [{"days": "MTWRF", "location": "Pittsburgh, Pennsylvania", "room": "SH 214", "begin": "09:00AM", "end": "10:20AM"}], "sections": [], "lecture": "U"}], "num": "21259", "title": "Calculus in Three Dimensions"}, {"units": "9.0", "lectures": [{"instructors": ["Hagerty"], "meetings": [{"days": "MTWRF", "location": "Pittsburgh, Pennsylvania", "room": "WEH 5302", "begin": "09:00AM", "end": "10:20AM"}], "sections": [], "lecture": "U"}], "num": "21260", "title": "Differential Equations"}, {"units": "0-99", "lectures": [{"instructors": ["Instructor TBA"], "meetings": [{"days": "TBA", "location": "Pittsburgh, Pennsylvania", "room": "DNM DNM", "begin": null, "end": null}], "sections": [], "lecture": "U"}, {"instructors": ["Instructor TBA"], "meetings": [{"days": "TBA", "location": "Pittsburgh, Pennsylvania", "room": "DNM DNM", "begin": null, "end": null}], "sections": [], "lecture": "V"}], "num": "21599", "title": "Undergraduate Reading and Research"}]}, {"department": "Mechanical Engineering", "courses": [{"units": "0-3", "lectures": [{"instructors": ["Instructor TBA"], "meetings": [{"days": "TBA", "location": "Pittsburgh, Pennsylvania", "room": "TBA", "begin": null, "end": null}], "sections": [], "lecture": "U"}], "num": "24390", "title": "Mechanical Engineering Co-op"}, {"units": "3-12,18", "lectures": [{"instructors": ["Instructor TBA"], "meetings": [{"days": "TBA", "location": "Pittsburgh, Pennsylvania", "room": "DNM DNM", "begin": null, "end": null}], "sections": [], "lecture": "U"}], "num": "24391", "title": "Mechanical Engineering Project"}, {"units": "3-18", "lectures": [{"instructors": ["Instructor TBA"], "meetings": [{"days": "TBA", "location": "Pittsburgh, Pennsylvania", "room": "DNM DNM", "begin": null, "end": null}], "sections": [], "lecture": "U"}], "num": "24392", "title": "Mechancial Engineering Project"}, {"units": "3-24", "lectures": [{"instructors": ["Instructor TBA"], "meetings": [{"days": "TBA", "location": "Pittsburgh, Pennsylvania", "room": "DNM DNM", "begin": null, "end": null}], "sections": [], "lecture": "U"}], "num": "24491", "title": "Department Research Honors"}, {"units": "3-24", "lectures": [{"instructors": ["Instructor TBA"], "meetings": [{"days": "TBA", "location": "Pittsburgh, Pennsylvania", "room": "DNM DNM", "begin": null, "end": null}], "sections": [], "lecture": "U"}], "num": "24492", "title": "Department Research Honors"}]}, {"department": "Modern Languages", "courses": [{"units": "12.0", "lectures": [{"instructors": ["West"], "meetings": [{"days": "MTWRF", "location": "Pittsburgh, Pennsylvania", "room": "BH 237B", "begin": "10:30AM", "end": "11:50AM"}], "sections": [], "lecture": "U"}], "num": "82101", "title": "Elementary French I"}, {"units": "12.0", "lectures": [{"instructors": ["West"], "meetings": [{"days": "MTWRF", "location": "Pittsburgh, Pennsylvania", "room": "SH 208", "begin": "12:00PM", "end": "01:20PM"}], "sections": [], "lecture": "U"}], "num": "82102", "title": "Elementary French II"}, {"units": "12.0", "lectures": [{"instructors": ["Qin"], "meetings": [{"days": "MTWRF", "location": "Pittsburgh, Pennsylvania", "room": "BH 255A", "begin": "10:30AM", "end": "11:50AM"}], "sections": [], "lecture": "U"}], "num": "82131", "title": "Elementary Chinese I"}, {"units": "12.0", "lectures": [{"instructors": ["Liu"], "meetings": [{"days": "MTWRF", "location": "Pittsburgh, Pennsylvania", "room": "BH 255A", "begin": "04:30PM", "end": "05:50PM"}], "sections": [], "lecture": "U"}], "num": "82132", "title": "Elementary Chinese II"}, {"units": "12.0", "lectures": [{"instructors": ["Wu"], "meetings": [{"days": "TBA", "location": "Pittsburgh, Pennsylvania", "room": "TBA", "begin": null, "end": null}], "sections": [], "lecture": "U"}], "num": "82133", "title": "Elementary Chinese Online I"}, {"units": "12.0", "lectures": [{"instructors": ["Wu"], "meetings": [{"days": "TBA", "location": "Pittsburgh, Pennsylvania", "room": "TBA", "begin": null, "end": null}], "sections": [], "lecture": "U"}], "num": "82134", "title": "Elementary Chinese Online II"}, {"units": "12.0", "lectures": [{"instructors": ["Gulish"], "meetings": [{"days": "MTWRF", "location": "Pittsburgh, Pennsylvania", "room": "BH 235A", "begin": "09:00AM", "end": "10:20AM"}], "sections": [], "lecture": "U"}], "num": "82141", "title": "Elementary Spanish I"}, {"units": "12.0", "lectures": [{"instructors": ["Gulish"], "meetings": [{"days": "MTWRF", "location": "Pittsburgh, Pennsylvania", "room": "SH 212", "begin": "10:30AM", "end": "11:50AM"}], "sections": [], "lecture": "U"}], "num": "82142", "title": "Elementary Spanish II"}, {"units": "12.0", "lectures": [{"instructors": ["Puppo"], "meetings": [{"days": "MTWF", "location": "Pittsburgh, Pennsylvania", "room": "PH 226B", "begin": "03:30PM", "end": "05:20PM"}], "sections": [], "lecture": "U"}], "num": "82162", "title": "Elementary Italian II"}, {"units": "12.0", "lectures": [{"instructors": ["Tsai"], "meetings": [{"days": "MTWRF", "location": "Pittsburgh, Pennsylvania", "room": "BH 255A", "begin": "09:00AM", "end": "10:20AM"}], "sections": [], "lecture": "U"}], "num": "82171", "title": "Elementary Japanese I"}, {"units": "12.0", "lectures": [{"instructors": ["Kats"], "meetings": [{"days": "MTWRF", "location": "Pittsburgh, Pennsylvania", "room": "PH 226B", "begin": "09:00AM", "end": "10:20AM"}], "sections": [], "lecture": "U"}], "num": "82191", "title": "Elementary Russian I"}, {"units": "12.0", "lectures": [{"instructors": ["Kats"], "meetings": [{"days": "TBA", "location": "Pittsburgh, Pennsylvania", "room": "TBA", "begin": null, "end": null}], "sections": [], "lecture": "U"}], "num": "82192", "title": "Elementary Russian II"}, {"units": "9.0", "lectures": [{"instructors": ["Instructor TBA"], "meetings": [{"days": "MTWRF", "location": "Pittsburgh, Pennsylvania", "room": "BH A54", "begin": "12:00PM", "end": "01:20PM"}], "sections": [], "lecture": "U"}], "num": "82201", "title": "Intermediate French I"}, {"units": "9.0", "lectures": [{"instructors": ["Instructor TBA"], "meetings": [{"days": "MTWRF", "location": "Pittsburgh, Pennsylvania", "room": "BH 235A", "begin": "12:00PM", "end": "01:20PM"}], "sections": [], "lecture": "U"}], "num": "82202", "title": "Intermediate French II"}, {"units": "12.0", "lectures": [{"instructors": ["King"], "meetings": [{"days": "MTWRF", "location": "Pittsburgh, Pennsylvania", "room": "BH 154A", "begin": "10:30AM", "end": "11:50AM"}], "sections": [], "lecture": "U"}], "num": "82272", "title": "Intermediate Japanese II"}, {"units": "9.0", "lectures": [{"instructors": ["Kats"], "meetings": [{"days": "TBA", "location": "Pittsburgh, Pennsylvania", "room": "TBA", "begin": null, "end": null}], "sections": [], "lecture": "U"}], "num": "82291", "title": "Intermediate Russian I"}, {"units": "9.0", "lectures": [{"instructors": ["Kats"], "meetings": [{"days": "TBA", "location": "Pittsburgh, Pennsylvania", "room": "TBA", "begin": null, "end": null}], "sections": [], "lecture": "U"}], "num": "82292", "title": "Intermediate Russian II"}, {"units": "9.0", "lectures": [{"instructors": ["Liu"], "meetings": [{"days": "MTWRF", "location": "Pittsburgh, Pennsylvania", "room": "BH 154A", "begin": "12:00PM", "end": "01:20PM"}], "sections": [], "lecture": "U"}], "num": "82332", "title": "Advanced Chinese II"}, {"units": "9.0", "lectures": [{"instructors": ["Kats"], "meetings": [{"days": "TBA", "location": "Pittsburgh, Pennsylvania", "room": "TBA", "begin": null, "end": null}], "sections": [], "lecture": "U"}], "num": "82391", "title": "Advanced Russian I"}, {"units": "9.0", "lectures": [{"instructors": ["Kats"], "meetings": [{"days": "TBA", "location": "Pittsburgh, Pennsylvania", "room": "TBA", "begin": null, "end": null}], "sections": [], "lecture": "U"}], "num": "82392", "title": "Advanced Russian II"}, {"units": "3-12", "lectures": [{"instructors": ["Kats"], "meetings": [{"days": "TBA", "location": "Pittsburgh, Pennsylvania", "room": "TBA", "begin": null, "end": null}], "sections": [], "lecture": "U"}], "num": "82399", "title": "Special Topics: Russian in Context"}]}, {"department": "Music", "courses": [{"units": "9.0", "lectures": [{"instructors": ["Schulz", "Sullivan"], "meetings": [{"days": "MWF", "location": "Pittsburgh, Pennsylvania", "room": "HH B131", "begin": "01:30PM", "end": "02:50PM"}, {"days": "MW", "location": "Pittsburgh, Pennsylvania", "room": "CFA A6", "begin": "06:30PM", "end": "09:20PM"}], "sections": [], "lecture": "U"}], "num": "57341", "title": "Sound Recording Workshop"}, {"units": "6.0", "lectures": [{"instructors": ["Schulz", "Sullivan"], "meetings": [{"days": "MW", "location": "Pittsburgh, Pennsylvania", "room": "CFA A6", "begin": "06:30PM", "end": "09:20PM"}], "sections": [], "lecture": "U"}], "num": "57342", "title": "Sound Recording Workshop"}]}, {"department": "Philosophy", "courses": [{"units": "9.0", "lectures": [{"instructors": ["Morris"], "meetings": [{"days": "MTWRF", "location": "Pittsburgh, Pennsylvania", "room": "BH 150", "begin": "12:00PM", "end": "01:20PM"}], "sections": [], "lecture": "U"}], "num": "80100", "title": "Introduction to Philosophy"}, {"units": "9.0", "lectures": [{"instructors": ["Ogarrio"], "meetings": [{"days": "MTWRF", "location": "Pittsburgh, Pennsylvania", "room": "DH 4303", "begin": "03:00PM", "end": "04:20PM"}], "sections": [], "lecture": "U"}], "num": "80110", "title": "Nature of Mathematical Reasoning"}, {"units": "9.0", "lectures": [{"instructors": ["Sennish"], "meetings": [{"days": "MTWRF", "location": "Pittsburgh, Pennsylvania", "room": "DH 4303", "begin": "01:30PM", "end": "02:50PM"}], "sections": [], "lecture": "U"}], "num": "80130", "title": "Introduction to Ethics"}, {"units": "9.0", "lectures": [{"instructors": ["McCool"], "meetings": [{"days": "MTWRF", "location": "Pittsburgh, Pennsylvania", "room": "BH 150", "begin": "01:30PM", "end": "02:50PM"}], "sections": [], "lecture": "U"}], "num": "80205", "title": "Introduction to Rational Choice"}, {"units": "9.0", "lectures": [{"instructors": ["Zipperer"], "meetings": [{"days": "MTWRF", "location": "Pittsburgh, Pennsylvania", "room": "BH 150", "begin": "10:30AM", "end": "11:50AM"}], "sections": [], "lecture": "U"}], "num": "80212", "title": "Arguments and Logical Analysis"}, {"units": "9.0", "lectures": [{"instructors": ["Brodie"], "meetings": [{"days": "MTWRF", "location": "Pittsburgh, Pennsylvania", "room": "DH 4303", "begin": "10:30AM", "end": "11:50AM"}], "sections": [], "lecture": "U"}], "num": "80220", "title": "Philosophy of Science"}, {"units": "3,6,9,12", "lectures": [{"instructors": ["TBA"], "meetings": [{"days": "TBA", "location": "Pittsburgh, Pennsylvania", "room": "TBA", "begin": null, "end": null}], "sections": [], "lecture": "U"}], "num": "80495", "title": "Independent Study"}, {"units": "3,6,12,15", "lectures": [{"instructors": ["Instructor TBA"], "meetings": [{"days": "TBA", "location": "Pittsburgh, Pennsylvania", "room": "DNM DNM", "begin": null, "end": null}], "sections": [], "lecture": "U"}], "num": "80992", "title": "Directed Reading"}]}, {"department": "Physics", "courses": [{"units": "12.0", "lectures": [{"instructors": ["Ghosh"], "meetings": [{"days": "MTWRF", "location": "Pittsburgh, Pennsylvania", "room": "WEH 5409", "begin": "12:30PM", "end": "02:50PM"}], "sections": [], "lecture": "U"}], "num": "33106", "title": "Physics I for Engineering Students"}, {"units": "12.0", "lectures": [{"instructors": ["Klein"], "meetings": [{"days": "MTWRF", "location": "Pittsburgh, Pennsylvania", "room": "DH A301D", "begin": "09:30AM", "end": "11:50AM"}], "sections": [], "lecture": "U"}], "num": "33107", "title": "Physics II for Engineering Students"}, {"units": "9.0", "lectures": [{"instructors": ["Ghosh"], "meetings": [{"days": "MTWRF", "location": "Pittsburgh, Pennsylvania", "room": "WEH 6423", "begin": "03:00PM", "end": "04:20PM"}], "sections": [], "lecture": "U"}], "num": "33115", "title": "Physics for Future Presidents"}, {"units": "9.0", "lectures": [{"instructors": ["Collins"], "meetings": [{"days": "MTWRF", "location": "Pittsburgh, Pennsylvania", "room": "WEH 8427", "begin": "01:30PM", "end": "02:50PM"}], "sections": [], "lecture": "U"}], "num": "33124", "title": "Introduction to Astronomy"}, {"units": "0-36", "lectures": [{"instructors": ["Ghosh"], "meetings": [{"days": "TBA", "location": "Pittsburgh, Pennsylvania", "room": "DNM DNM", "begin": null, "end": null}], "sections": [], "lecture": "U"}], "num": "33451", "title": "Senior Research"}, {"units": "1-12", "lectures": [{"instructors": ["Ghosh"], "meetings": [{"days": "TBA", "location": "Pittsburgh, Pennsylvania", "room": "DNM DNM", "begin": null, "end": null}], "sections": [], "lecture": "U"}], "num": "33499", "title": "Supervised Reading"}, {"units": "1-36", "lectures": [{"instructors": ["Paulini"], "meetings": [{"days": "TBA", "location": "Pittsburgh, Pennsylvania", "room": "DNM DNM", "begin": null, "end": null}], "sections": [], "lecture": "U"}], "num": "33997", "title": "Graduate Laboratory"}]}, {"department": "Psychology", "courses": [{"units": "9.0", "lectures": [{"instructors": ["Boyd"], "meetings": [{"days": "MTWRF", "location": "Pittsburgh, Pennsylvania", "room": "PH 225B", "begin": "12:00PM", "end": "01:20PM"}], "sections": [], "lecture": "U"}], "num": "85102", "title": "Introduction to Psychology"}, {"units": "9.0", "lectures": [{"instructors": ["Boyd"], "meetings": [{"days": "MTWRF", "location": "Pittsburgh, Pennsylvania", "room": "PH 225B", "begin": "01:30PM", "end": "02:50PM"}], "sections": [], "lecture": "U"}], "num": "85241", "title": "Social Psychology"}, {"units": "3-12", "lectures": [{"instructors": ["Instructor TBA"], "meetings": [{"days": "TBA", "location": "Pittsburgh, Pennsylvania", "room": "TBA", "begin": null, "end": null}], "sections": [], "lecture": "U"}], "num": "85482", "title": "Internship in Psychology"}, {"units": "3-12", "lectures": [{"instructors": ["Instructor TBA"], "meetings": [{"days": "TBA", "location": "Pittsburgh, Pennsylvania", "room": "DNM DNM", "begin": null, "end": null}], "sections": [], "lecture": "U"}], "num": "85505", "title": "Readings In Psychology"}, {"units": "0-99", "lectures": [{"instructors": ["Instructor TBA"], "meetings": [{"days": "TBA", "location": "Pittsburgh, Pennsylvania", "room": "DNM DNM", "begin": null, "end": null}], "sections": [], "lecture": "U"}], "num": "85781", "title": "Graduate Reading and Research"}]}, {"department": "Public Policy & Mgt:Sch of Pub Pol & Mgt", "courses": [{"units": "18.0", "lectures": [{"instructors": ["Goldring", "Wolfendale"], "meetings": [{"days": "MTWRF", "location": "Pittsburgh, Pennsylvania", "room": "PH A18B", "begin": "09:00AM", "end": "11:50AM"}], "sections": [], "lecture": "U"}, {"instructors": ["Goldring", "Wolfendale"], "meetings": [{"days": "MTWRF", "location": "Pittsburgh, Pennsylvania", "room": "PH A18C", "begin": "09:00AM", "end": "11:50AM"}], "sections": [], "lecture": "V"}], "num": "90500", "title": "Quantitative Fundamentals"}]}, {"department": "Social & Decision Sciences", "courses": [{"units": "1-18", "lectures": [{"instructors": ["Fischbeck"], "meetings": [{"days": "TBA", "location": "Pittsburgh, Pennsylvania", "room": "TBA", "begin": null, "end": null}], "sections": [], "lecture": "U"}, {"instructors": ["Instructor TBA"], "meetings": [{"days": "TBA", "location": "Pittsburgh, Pennsylvania", "room": "TBA", "begin": null, "end": null}], "sections": [], "lecture": "V"}, {"instructors": ["Downs"], "meetings": [{"days": "TBA", "location": "Pittsburgh, Pennsylvania", "room": "TBA", "begin": null, "end": null}], "sections": [], "lecture": "W"}], "num": "88398", "title": "Independent Study"}, {"units": "1-9", "lectures": [{"instructors": ["Instructor TBA"], "meetings": [{"days": "TBA", "location": "Pittsburgh, Pennsylvania", "room": "DNM DNM", "begin": null, "end": null}], "sections": [], "lecture": "U"}], "num": "88505", "title": "Undergraduate Internship"}]}, {"department": "Software Engineering", "courses": [{"units": "1-48", "lectures": [{"instructors": ["Aldrich"], "meetings": [{"days": "TBA", "location": "Pittsburgh, Pennsylvania", "room": "TBA", "begin": null, "end": null}], "sections": [], "lecture": "U"}], "num": "17997", "title": "Graduate Reading and Research"}]}, {"department": "Statistics", "courses": [{"units": "9.0", "lectures": [{"instructors": ["Elliott"], "meetings": [{"days": "MTWRF", "location": "Pittsburgh, Pennsylvania", "room": "PH 226B", "begin": "10:30AM", "end": "11:50AM"}, {"days": "TR", "location": "Pittsburgh, Pennsylvania", "room": "BH 140F", "begin": "10:30AM", "end": "11:50AM"}], "sections": [], "lecture": "U"}], "num": "36201", "title": "Statistical Reasoning and Practice"}, {"units": "9.0", "lectures": [{"instructors": ["Vespe"], "meetings": [{"days": "MTWRF", "location": "Pittsburgh, Pennsylvania", "room": "WEH 5409", "begin": "10:30AM", "end": "11:50AM"}], "sections": [], "lecture": "U"}], "num": "36226", "title": "Introduction to Statistical Inference"}, {"units": "9.0", "lectures": [{"instructors": ["Reinhart"], "meetings": [{"days": "MTWF", "location": "Pittsburgh, Pennsylvania", "room": "SH 208", "begin": "10:30AM", "end": "11:50AM"}, {"days": "R", "location": "Pittsburgh, Pennsylvania", "room": "WEH 5201", "begin": "10:30AM", "end": "11:50AM"}], "sections": [], "lecture": "U"}], "num": "36309", "title": "Experimental Design for Behavioral and Social Sciences"}]}, {"department": "Tepper School of Business", "courses": [{"units": "1-36", "lectures": [{"instructors": ["Instructor TBA"], "meetings": [{"days": "TBA", "location": "Pittsburgh, Pennsylvania", "room": "DNM DNM", "begin": null, "end": null}], "sections": [], "lecture": "U"}], "num": "47900", "title": "Tepper PhD"}, {"units": "12,36", "lectures": [{"instructors": ["Instructor TBA"], "meetings": [{"days": "TBA", "location": "Pittsburgh, Pennsylvania", "room": "DNM DNM", "begin": null, "end": null}], "sections": [], "lecture": "U"}], "num": "47995", "title": "Graduate Reading & Research"}, {"units": "3-36", "lectures": [{"instructors": ["Instructor TBA"], "meetings": [{"days": "TBA", "location": "Pittsburgh, Pennsylvania", "room": "DNM DNM", "begin": null, "end": null}], "sections": [], "lecture": "U"}], "num": "47998", "title": "Tepper PhD Internship"}]}]